SpeciesName,temperature,Phosphate_concentration,Replicate,LOG10N0,lag,LOG10Nmax,mumax
Ankistrodesmus,15,0.01,1,2.699199862,5,4.111113398,0.652075388
Ankistrodesmus,15,0.01,3,2.131553131,0.930979384,4.148724616,0.418385225
Ankistrodesmus,15,0.1,1,2.289616907,4.999999972,4.639754506,0.744082989
Ankistrodesmus,15,0.1,2,2.527899906,4.999999953,4.711349861,0.767303026
Ankistrodesmus,15,0.1,3,2,3.468277043,4.717937564,0.694041808
Ankistrodesmus,15,0.5,1,2.515650219,5,5.629156122,0.762976214
Ankistrodesmus,15,0.5,2,2.00000001,1.234836335,5.687288435,0.599606585
Ankistrodesmus,15,2,1,2.000000005,1.948245783,4.83932935,0.577954129
Ankistrodesmus,15,2,2,2.301029996,2.891090587,4.780181651,0.625254081
Ankistrodesmus,15,2,3,2.208869319,2.999999999,4.978563019,0.661596693
Ankistrodesmus,15,8,1,2.01962478,0.775273325,5.940297116,0.519921152
Ankistrodesmus,15,8,2,2,2.281669289,5.715406132,0.744015523
Ankistrodesmus,15,8,3,2.290983358,2.99999996,5.741289164,0.743290209
Ankistrodesmus,15,10,1,2.060205999,10.4952562,3.437031967,1.098612289
Ankistrodesmus,15,10,2,2.093865873,15,2.954242509,0.158688121
Ankistrodesmus,15,10,3,2,15,3.748188027,0.386363856
Ankistrodesmus,15,20,1,2.358519034,3.00013815,5.182860442,0.43355642
Ankistrodesmus,15,20,2,2.215339361,2.999999986,5.177365175,0.565358903
Ankistrodesmus,15,20,3,2.00000001,2.257632477,5.252516227,0.498157808
Ankistrodesmus,15,30,1,2.301030005,2.778601891,6.07096797,0.925666578
Ankistrodesmus,15,30,2,2.602059989,2.517762933,6.072874006,0.835306147
Ankistrodesmus,15,30,3,2.301029998,2.835859986,6.081736641,0.817280448
Ankistrodesmus,20,0.01,1,3,1.867440566,3.580166194,0.426450661
Ankistrodesmus,20,0.01,2,2.359699671,0.999999992,3.430975178,0.574147065
Ankistrodesmus,20,0.01,3,3,0.999999999,3.540795367,0.311045005
Ankistrodesmus,20,0.1,1,3,2.372325616,3.815369707,0.714494217
Ankistrodesmus,20,0.1,2,3,2.629423881,3.745362179,0.368326434
Ankistrodesmus,20,0.1,3,2.079447892,0.062043931,3.88403736,0.596330148
Ankistrodesmus,20,0.5,1,3,2.481513743,5.419208918,1.142461937
Ankistrodesmus,20,0.5,2,3,2.264869977,5.447607178,0.872399169
Ankistrodesmus,20,0.5,3,2.102448821,0.305886405,5.508338485,0.878311638
Ankistrodesmus,20,1,3,2.120411998,9.581423092,4.879612705,0.87051593
Ankistrodesmus,20,2,1,2.000000809,0.790886544,5.243784284,0.636868099
Ankistrodesmus,20,2,2,2.301029994,1.40221371,6.332732395,0.903063225
Ankistrodesmus,20,2,3,2.109067526,0.970099762,6.288479806,0.921059072
Ankistrodesmus,20,8,1,2.477121249,2.072105143,5.753805538,0.818010133
Ankistrodesmus,20,8,2,2.009265541,1.259004736,5.388622454,0.79881538
Ankistrodesmus,20,8,3,2.301029995,1.694869496,5.510902094,0.797588919
Ankistrodesmus,20,10,1,2.424114787,10.71854624,5.118154233,0.777067651
Ankistrodesmus,20,10,2,2,10.46425999,4.556838006,0.64654623
Ankistrodesmus,20,10,3,2.200686664,11.75763269,5.359423746,1.011138146
Ankistrodesmus,20,20,1,2.602059994,2.413562975,5.66335835,0.678065784
Ankistrodesmus,20,20,2,2.477121255,3.216470312,5.354769272,0.652775836
Ankistrodesmus,20,20,3,2.301029997,1.151430598,4.964927453,0.532341866
Ankistrodesmus,20,30,1,2.29947149,0.678536404,5.940342124,0.797871524
Ankistrodesmus,20,30,2,2.084602281,0.371949275,5.997847746,0.792300713
Ankistrodesmus,20,30,3,2.251399044,0.561255717,5.953855314,0.816690237
Ankistrodesmus,25,0.01,1,2.610080712,0.840053588,3.093378779,0.077760659
Ankistrodesmus,25,0.01,2,2.650301249,6.975094061,2.897926871,0.281583
Ankistrodesmus,25,0.01,3,2.851261221,0.007177882,2.985651181,0.017198212
Ankistrodesmus,25,0.1,1,2.898444144,13.83627868,3.245811839,0.192098271
Ankistrodesmus,25,0.1,2,2.899217787,0,3.22417619,0.083138265
Ankistrodesmus,25,0.1,3,3,0.999999999,3.173943415,0.099274384
Ankistrodesmus,25,0.5,1,2.078700657,0.17426603,5.22908149,0.933733861
Ankistrodesmus,25,0.5,2,2.551666864,0.481158874,5.270637949,0.7153433
Ankistrodesmus,25,0.5,3,3,6.999999989,5.318964485,2.481894528
Ankistrodesmus,25,1,1,2.150514998,11.92564344,5.286231854,0.68274845
Ankistrodesmus,25,1,2,2.164123303,12.99999997,5.327154512,0.825808219
Ankistrodesmus,25,1,3,2.060205999,9.410609827,5.137986733,0.617278479
Ankistrodesmus,25,2,1,2.041188495,0.838778551,6.336309017,0.999584936
Ankistrodesmus,25,2,2,2.063934784,0.840629051,6.255519143,1.070974493
Ankistrodesmus,25,2,3,2.602059989,1.480994764,6.318593809,0.95038626
Ankistrodesmus,25,8,1,2.477121253,2.782102732,5.869548069,1.164150252
Ankistrodesmus,25,8,2,2.013972412,0.680314689,5.957626512,1.069623963
Ankistrodesmus,25,8,3,2.00000792,0.953092308,5.574620196,1.184933252
Ankistrodesmus,25,10,1,2.334877509,4.999999968,5.438117873,0.473169091
Ankistrodesmus,25,10,2,2,10.36387114,5.309797721,1.172320427
Ankistrodesmus,25,10,3,2,10.88035279,5.18179894,0.961875085
Ankistrodesmus,25,20,1,2.301029995,1.172435188,5.566732773,0.88870256
Ankistrodesmus,25,20,2,2.301029991,2.159777409,5.582071706,0.959897286
Ankistrodesmus,25,20,3,2.007399022,0.842418949,5.465712024,0.600130169
Ankistrodesmus,25,30,1,2.602059992,1.299393214,5.932888507,1.106556883
Ankistrodesmus,25,30,2,2.012491202,0.832339325,5.994138104,1.223827279
Ankistrodesmus,25,30,3,2.005995223,0.693042415,5.973069349,1.06181523
Ankistrodesmus,30,0.01,1,0,0,0,0
Ankistrodesmus,30,0.01,2,0,0,0,0
Ankistrodesmus,30,0.01,3,0,0,0,0
Ankistrodesmus,30,0.1,1,2.506494513,0.821036412,2.777908524,0.149547572
Ankistrodesmus,30,0.1,2,2.632554459,6.954119437,2.687771908,0.062145798
Ankistrodesmus,30,0.1,3,2.419754097,6.395015873,2.770300278,0.175280187
Ankistrodesmus,30,0.5,1,2.045127767,0.433734642,4.945248553,1.280990991
Ankistrodesmus,30,0.5,2,2.477121255,1.401756376,5.01043945,1.326620986
Ankistrodesmus,30,0.5,3,2.301029996,1.834921618,4.931252636,1.537887491
Ankistrodesmus,30,1,1,2.301029996,2.373097033,4.833795519,1.244183436
Ankistrodesmus,30,1,2,2.477121256,2.88428757,5.10062177,1.310436755
Ankistrodesmus,30,1,3,2.301029999,2.026556206,5.221169547,1.200748984
Ankistrodesmus,30,2,1,2.030900501,0.926693365,5.901760129,1.323108615
Ankistrodesmus,30,2,2,2.602059991,1.432822496,5.871939257,1.179803226
Ankistrodesmus,30,2,3,2.698970004,2.151418532,6.072891385,1.302210768
Ankistrodesmus,30,8,1,2.602059991,1.813750364,5.588715577,1.1811084
Ankistrodesmus,30,8,2,2.000000001,1.450080194,5.810899014,1.406342596
Ankistrodesmus,30,8,3,2.477121253,2.289288088,5.774772328,1.43124617
Ankistrodesmus,30,10,1,2.150514996,4.444211869,5.060990548,0.623843383
Ankistrodesmus,30,10,2,2.204857402,6.194924675,5.027325288,0.955018449
Ankistrodesmus,30,10,3,2.200686908,5.98731652,4.880471597,0.879896017
Ankistrodesmus,30,20,1,2.301029995,2.508956537,4.751357887,1.031783593
Ankistrodesmus,30,20,2,2.301029996,2.162399018,4.69076866,0.928393021
Ankistrodesmus,30,20,3,2.301029995,2.48697651,5.223201444,1.338260566
Ankistrodesmus,30,30,1,2.301029994,1.327092628,5.729517582,1.268793454
Ankistrodesmus,30,30,2,2.004683621,0.998620477,5.567515783,1.366973071
Ankistrodesmus,30,30,3,2,1.24394899,5.537658554,1.412756531
Ankistrodesmus,35,0.01,1,2.18981967,0.000952154,2.214949688,0.011575003
Ankistrodesmus,35,0.01,2,0,0,0,0
Ankistrodesmus,35,0.01,3,0,0,0,0
Ankistrodesmus,35,0.1,1,0,0,0,0
Ankistrodesmus,35,0.1,2,2.075257499,8.577324384,2.474956273,0.109861229
Ankistrodesmus,35,0.1,3,2.25085833,12.66666667,2.835508367,0.34657359
Ankistrodesmus,35,0.5,1,2.159040417,5.462700961,3.788745375,0.18438055
Ankistrodesmus,35,0.5,2,2.225772496,8.834184562,3.851411281,0.273235453
Ankistrodesmus,35,0.5,3,2.511691315,8.999999956,4.711850783,0.714304129
Ankistrodesmus,35,1,1,2.571370837,2.999999961,4.698837638,0.371806006
Ankistrodesmus,35,1,2,2.216402063,2.999999992,4.301520023,0.459231882
Ankistrodesmus,35,1,3,2.335836512,0.817614315,4.498301622,0.327962943
Ankistrodesmus,35,2,1,2.301030001,2.299964563,5.232869927,1.141953602
Ankistrodesmus,35,2,2,2.000000019,1.164926981,5.302425899,0.559675387
Ankistrodesmus,35,2,3,2.496702445,0.826493946,5.238502684,0.547890515
Ankistrodesmus,35,8,1,2.000000002,4.583840955,5.353529653,0.656046229
Ankistrodesmus,35,8,2,2.602059992,5.050941307,5.306456908,0.710774773
Ankistrodesmus,35,8,3,2,1.236029096,5.48756932,0.618884419
Ankistrodesmus,35,10,1,2.141651305,8.999999928,4.955058244,0.618643088
Ankistrodesmus,35,10,2,2.194537813,8.791328043,4.827507603,1.047413685
Ankistrodesmus,35,10,3,2.150514999,8.030779213,4.54061753,0.661297513
Ankistrodesmus,35,20,1,2.301029998,2.824399455,5.040571655,0.680905635
Ankistrodesmus,35,20,2,2.261428469,4.999999955,4.819681975,0.835443217
Ankistrodesmus,35,20,3,2,1.963304665,4.562562755,0.691788239
Ankistrodesmus,35,30,1,2.301029985,1.26821713,5.07461865,0.608274363
Ankistrodesmus,35,30,2,2.02414553,0.244177344,5.013896067,0.640039849
Ankistrodesmus,35,30,3,2.002909475,0.985381518,4.904603879,0.692092233
Ankistrodesmus,40,0.01,1,0,0,0,0
Ankistrodesmus,40,0.01,2,0,0,0,0
Ankistrodesmus,40,0.01,3,0,0,0,0
Ankistrodesmus,40,0.1,1,0,0,0,0
Ankistrodesmus,40,0.1,2,0,0,0,0
Ankistrodesmus,40,0.1,3,0,0,0,0
Ankistrodesmus,40,0.5,1,0,0,0,0
Ankistrodesmus,40,0.5,2,0,0,0,0
Ankistrodesmus,40,0.5,3,0,0,0,0
Ankistrodesmus,40,1,1,0,0,0,0
Ankistrodesmus,40,1,2,0,0,0,0
Ankistrodesmus,40,1,3,0,0,0,0
Ankistrodesmus,40,2,1,0,0,0,0
Ankistrodesmus,40,2,2,0,0,0,0
Ankistrodesmus,40,2,3,0,0,0,0
Ankistrodesmus,40,8,1,0,0,0,0
Ankistrodesmus,40,8,2,0,0,0,0
Ankistrodesmus,40,8,3,0,0,0,0
Ankistrodesmus,40,10,1,0,0,0,0
Ankistrodesmus,40,10,2,0,0,0,0
Ankistrodesmus,40,10,3,0,0,0,0
Ankistrodesmus,40,20,1,0,0,0,0
Ankistrodesmus,40,20,2,0,0,0,0
Ankistrodesmus,40,20,3,0,0,0,0
Ankistrodesmus,40,30,1,0,0,0,0
Ankistrodesmus,40,30,2,0,0,0,0
Ankistrodesmus,40,30,3,0,0,0,0
Chlamydomonas,15,0.01,1,2.652184666,4.951268907,3.210238152,0.127873422
Chlamydomonas,15,0.01,2,2.34319759,4.745794722,2.755228425,0.420873852
Chlamydomonas,15,0.01,3,2.210446025,4.999999979,2.831111821,0.308781398
Chlamydomonas,15,0.1,1,2.462027794,4.999999978,3.199760847,0.177329843
Chlamydomonas,15,0.1,2,2.147407966,4.989567023,2.961824784,0.932766251
Chlamydomonas,15,0.1,3,2,0.194599876,3.087745985,0.25133465
Chlamydomonas,15,0.5,2,2.159040418,5.298268108,3.388187155,0.493520249
Chlamydomonas,15,0.5,3,2,0.465289024,3.641726855,0.418568404
Chlamydomonas,15,1,2,2,7,3.82689244,1.472219489
Chlamydomonas,15,1,3,2,6.352218924,3.572775514,1.070033082
Chlamydomonas,15,2,1,2,6.994113282,4.104574807,2.415870515
Chlamydomonas,15,2,2,2,6.664432936,4.09748267,2.067862855
Chlamydomonas,15,2,3,2,7,3.846440547,1.445185879
Chlamydomonas,15,6,1,2.150514999,4.871852062,4.887028273,0.662283383
Chlamydomonas,15,6,2,2.000000001,4.770866943,4.840035711,0.449998447
Chlamydomonas,15,6,3,2.002284841,5.219998013,4.207362567,0.397290946
Chlamydomonas,15,8,1,2,4.408770664,4.747306347,1.316964541
Chlamydomonas,15,8,2,2,3.73984206,5.00054072,0.484496764
Chlamydomonas,15,8,3,2,6.764523219,4.611939335,1.24418344
Chlamydomonas,15,20,1,2,4.393639074,4.941221442,0.736026712
Chlamydomonas,15,20,2,2.000000008,4.212837051,4.63268942,0.551911944
Chlamydomonas,15,20,3,2,4.999999998,4.402212914,1.445185879
Chlamydomonas,15,30,1,2,3.606649697,4.882584594,0.686014846
Chlamydomonas,15,30,2,2,5.587760071,4.808232213,1.111397026
Chlamydomonas,15,30,3,2,5.329873406,4.919910035,1.121221005
Chlamydomonas,20,0.01,1,2.150514998,4.968980426,3.380211242,0.137139162
Chlamydomonas,20,0.01,2,2.276042248,9.360933378,3.160057168,0.274653072
Chlamydomonas,20,0.01,3,2.202394294,4.971245869,3.363375367,0.127123921
Chlamydomonas,20,0.1,1,2,4.287585626,3.149740628,0.972955075
Chlamydomonas,20,0.1,2,2.304504205,5,3.318785551,0.555375325
Chlamydomonas,20,0.1,3,2.26776137,4.999999997,2.972971196,0.350977335
Chlamydomonas,20,0.5,1,2,3.775453973,3.449114376,0.599473808
Chlamydomonas,20,0.5,2,2,2.551263763,3.589978032,0.742603611
Chlamydomonas,20,1,1,2.000333781,4.990766862,3.97820795,2.266647698
Chlamydomonas,20,1,2,2.156262964,3.70467209,3.388095861,0.860733793
Chlamydomonas,20,1,3,2,5,3.65118576,1.545521227
Chlamydomonas,20,2,1,2,4.999999994,4.046374856,1.975621853
Chlamydomonas,20,2,2,2.003205273,3.495470514,3.936078739,0.808535165
Chlamydomonas,20,2,3,2,5,3.907645707,1.903331245
Chlamydomonas,20,4,1,2,3.487058405,3.765833489,0.916290732
Chlamydomonas,20,4,2,2.000000004,2.221703157,4.010066903,0.655261342
Chlamydomonas,20,4,3,2.000003152,4.429471082,4.009491042,1.012359169
Chlamydomonas,20,6,1,2.150514998,4.39445274,4.82103314,1.716993602
Chlamydomonas,20,6,2,2,4.045757491,4.435622957,1.151292546
Chlamydomonas,20,6,3,2.150514998,3.893380592,4.416051473,1.141191193
Chlamydomonas,20,8,1,2,4.021397832,4.720255707,1.416606672
Chlamydomonas,20,8,2,2,3.538657512,4.44297822,1.004095755
Chlamydomonas,20,8,3,3,4.999999995,4.478345921,0.781808502
Chlamydomonas,20,20,1,2.000000001,4.345942979,5.022381046,1.42925693
Chlamydomonas,20,20,2,2.000000001,4.353443613,4.832649169,1.339735501
Chlamydomonas,20,20,3,2.101572625,5,4.677045098,1.619049282
Chlamydomonas,20,30,1,2,5.709374672,4.815535898,1.970145625
Chlamydomonas,20,30,2,2.10017938,5.728637918,4.811031793,1.908064085
Chlamydomonas,20,30,3,2,4.147210825,4.710052866,1.285884713
Chlamydomonas,25,0.01,1,2.198491353,11.80339395,2.801458328,0.434330269
Chlamydomonas,25,0.01,2,2.293413658,12.85244514,2.982381151,0.738703519
Chlamydomonas,25,0.01,3,2.177283153,6.999780818,2.607722951,0.495507832
Chlamydomonas,25,0.1,1,2,2.164827479,2.885614612,0.297532131
Chlamydomonas,25,0.1,2,2.001149475,2.794143497,2.855576622,0.317021704
Chlamydomonas,25,0.1,3,2.157734699,5.703293522,2.784088535,0.437476925
Chlamydomonas,25,0.5,1,2,3.573643001,3.150786861,0.770222522
Chlamydomonas,25,0.5,2,2.647858744,12.95087683,3.28585421,0.716910964
Chlamydomonas,25,1,1,2,3,3.815493693,1.791759469
Chlamydomonas,25,1,2,2,2.778653575,3.614226256,1.67326145
Chlamydomonas,25,1,3,2,2.99999999,3.523409124,0.972955081
Chlamydomonas,25,2,1,2,3,4.050177388,1.282474679
Chlamydomonas,25,2,2,2,2.994621674,4.015987418,2.314766529
Chlamydomonas,25,2,3,2,2.999999983,3.68373541,1.039720764
Chlamydomonas,25,4,1,2.17177916,2.999999999,3.724010938,1.129206812
Chlamydomonas,25,4,2,2.001077293,2.967656882,3.708496107,1.934455415
Chlamydomonas,25,4,3,2.029655081,4.282857308,4.002786588,1.672088552
Chlamydomonas,25,6,1,2.301029996,2.999999998,4.659471892,2.109753851
Chlamydomonas,25,6,2,2,0.17112669,4.301429297,0.55585389
Chlamydomonas,25,8,1,2,3.736361351,4.438474536,1.645598243
Chlamydomonas,25,8,2,2.150514998,3.669158441,4.513377609,1.541371825
Chlamydomonas,25,8,3,2,3.028150931,4.318866582,1.344307795
Chlamydomonas,25,20,1,2.000000009,2.502660714,5.026133062,0.951645534
Chlamydomonas,25,20,2,2.000000003,3.433697757,4.712712986,0.89587974
Chlamydomonas,25,20,3,2.000000001,2.407301258,4.187602495,0.665032505
Chlamydomonas,25,30,1,2,3,4.77908628,2.307560258
Chlamydomonas,25,30,2,2,1.028960186,4.544687259,0.829494521
Chlamydomonas,25,30,3,2,2.611631414,4.557645359,1.784766348
Chlamydomonas,30,0.01,1,0,0,0,0
Chlamydomonas,30,0.01,2,0,0,0,0
Chlamydomonas,30,0.01,3,2.307335321,2.850534244,2.339626021,0.012090822
Chlamydomonas,30,0.1,1,2.438668239,4.977904448,2.707897803,0.154129602
Chlamydomonas,30,0.1,2,0,0,0,0
Chlamydomonas,30,0.1,3,2.062721046,1.087728339,2.429168998,0.106641635
Chlamydomonas,30,0.5,1,2.280237771,0.208129323,3.216721911,0.317487555
Chlamydomonas,30,0.5,2,2.352214657,0.992813559,3.253505244,0.259179462
Chlamydomonas,30,0.5,3,2.898696056,12.99999996,3.320511841,0.382600111
Chlamydomonas,30,1,1,2,3,3.783832271,1.282474679
Chlamydomonas,30,1,2,2,2.078309159,3.394991367,0.752038698
Chlamydomonas,30,1,3,2.001442082,2.960910473,3.268958029,1.431307107
Chlamydomonas,30,2,1,2.000023025,2.99428995,4.035698825,2.336986242
Chlamydomonas,30,2,2,2,2.083686196,4.063003548,1.198947636
Chlamydomonas,30,2,3,2,2.995299026,3.891265899,2.172294425
Chlamydomonas,30,4,1,2,2.927939552,3.456299269,1.618318135
Chlamydomonas,30,4,2,2,2.548151746,3.820581132,1.534026466
Chlamydomonas,30,4,3,2.000432051,2.989820289,3.816782973,2.080561558
Chlamydomonas,30,6,1,2,2.999999995,4.559698738,2.731915896
Chlamydomonas,30,6,2,2,2.999999999,4.120601214,2.191013319
Chlamydomonas,30,6,3,2,2.459523691,3.775202419,1.282474679
Chlamydomonas,30,8,1,2,2.999999998,4.299399025,1.805458956
Chlamydomonas,30,8,2,2,2.999999993,4.193010223,1.472219485
Chlamydomonas,30,8,3,2,2.999999999,4.024731424,1.763180262
Chlamydomonas,30,20,1,2.000076591,2.972939792,4.632987262,1.50544083
Chlamydomonas,30,20,2,2,3.400646162,3.977333583,1.264943389
Chlamydomonas,30,20,3,2,2.999999997,3.765460877,1.965912814
Chlamydomonas,30,30,1,2,2.99999999,4.758326309,2.292483728
Chlamydomonas,30,30,2,2,2.094953692,4.389811886,1.213874118
Chlamydomonas,30,30,3,2,2.999999997,4.191020125,1.716993599
Chlamydomonas,35,0.01,1,2.204913049,15,2.590999532,0.063499783
Chlamydomonas,35,0.01,2,2.075257498,7.967132015,2.821169718,0.179175948
Chlamydomonas,35,0.1,1,2.022439163,6.059361644,2.486088649,0.066973001
Chlamydomonas,35,0.1,2,2.000049203,7.073113895,2.619138655,0.363011847
Chlamydomonas,35,0.1,3,2.269037541,8.053153847,2.381609259,0.087960465
Chlamydomonas,35,0.5,1,2.048643381,0.965220238,3.178584037,0.152733675
Chlamydomonas,35,0.5,2,2.00045628,3.382806278,3.209863055,0.36558897
Chlamydomonas,35,1,1,2,1.506420181,3.021086191,0.672988156
Chlamydomonas,35,1,2,2,2.99999999,2.841200668,0.549306144
Chlamydomonas,35,1,3,2.00138777,2.977551134,2.587665421,0.66748495
Chlamydomonas,35,2,1,2,2.999999995,3.741485827,1.666102251
Chlamydomonas,35,2,2,2.007584366,2.944567602,3.847559579,1.044697362
Chlamydomonas,35,2,3,2,2,3.939543368,1.098612289
Chlamydomonas,35,4,1,2,0.672268011,3.033080879,0.455542864
Chlamydomonas,35,4,2,2,2.999999999,2.865394942,0.895879734
Chlamydomonas,35,4,3,2,2.998582292,2.981697113,1.129419998
Chlamydomonas,35,6,1,2,4.355170325,3.354256961,1.179014273
Chlamydomonas,35,6,3,2,2.999999995,2.998638938,0.972955078
Chlamydomonas,35,8,1,2.002393638,3.2466535,4.003508678,0.800879568
Chlamydomonas,35,8,2,2.00170201,4.401847657,3.522967684,1.348205648
Chlamydomonas,35,8,3,2,2.999999992,3.748005522,1.805458947
Chlamydomonas,35,20,1,2.000270345,4.482881821,3.610904281,1.473360189
Chlamydomonas,35,20,2,2,1.087880817,3.212477189,0.554188831
Chlamydomonas,35,20,3,2,4.999999989,3.164667641,0.804718954
Chlamydomonas,35,30,1,2,3.344127251,4.26900888,1.429094072
Chlamydomonas,35,30,2,2,2.356076968,3.962995948,1.706123609
Chlamydomonas,35,30,3,3,4.167330474,3.829986884,0.674669401
Chlamydomonas,40,0.01,1,0,0,0,0
Chlamydomonas,40,0.01,2,0,0,0,0
Chlamydomonas,40,0.01,3,0,0,0,0
Chlamydomonas,40,0.1,1,0,0,0,0
Chlamydomonas,40,0.1,2,0,0,0,0
Chlamydomonas,40,0.1,3,0,0,0,0
Chlamydomonas,40,0.5,1,0,0,0,0
Chlamydomonas,40,0.5,2,0,0,0,0
Chlamydomonas,40,0.5,3,0,0,0,0
Chlamydomonas,40,1,1,0,0,0,0
Chlamydomonas,40,1,2,0,0,0,0
Chlamydomonas,40,1,3,0,0,0,0
Chlamydomonas,40,2,1,0,0,0,0
Chlamydomonas,40,2,2,0,0,0,0
Chlamydomonas,40,2,3,0,0,0,0
Chlamydomonas,40,4,1,0,0,0,0
Chlamydomonas,40,4,2,0,0,0,0
Chlamydomonas,40,4,3,0,0,0,0
Chlamydomonas,40,6,1,0,0,0,0
Chlamydomonas,40,6,2,0,0,0,0
Chlamydomonas,40,6,3,0,0,0,0
Chlamydomonas,40,8,1,0,0,0,0
Chlamydomonas,40,8,2,0,0,0,0
Chlamydomonas,40,8,3,0,0,0,0
Chlamydomonas,40,20,1,0,0,0,0
Chlamydomonas,40,20,2,0,0,0,0
Chlamydomonas,40,20,3,0,0,0,0
Chlamydomonas,40,30,1,0,0,0,0
Chlamydomonas,40,30,2,0,0,0,0
Chlamydomonas,40,30,3,0,0,0,0
Monoraphidium,15,0.01,1,2.676116406,12.99999999,3.016698485,0.204398861
Monoraphidium,15,0.01,2,2.100314749,0.916458033,3.006281031,0.158604219
Monoraphidium,15,0.01,3,2.310221894,13,2.944416487,0.321341327
Monoraphidium,15,0.1,1,2.000085365,1.025315092,2.906764268,0.349425187
Monoraphidium,15,0.1,2,2.297188454,4.88286417,2.854795327,0.60645013
Monoraphidium,15,0.1,3,2.248466156,5,3.00920189,0.291952128
Monoraphidium,15,0.5,1,2,2.915784397,3.429092803,0.444921694
Monoraphidium,15,0.5,2,2.138237924,4.999999956,3.272181504,0.558125183
Monoraphidium,15,2,1,2.698970004,4.594009627,6.009875631,0.606297618
Monoraphidium,15,2,2,2.330328393,2.999999998,5.934883065,0.667240437
Monoraphidium,15,2,3,2.015036158,0.971338552,5.959165203,0.571729901
Monoraphidium,15,4,1,2.526265261,2.99999998,5.057033265,0.428253585
Monoraphidium,15,4,2,2.407482146,3,5.057775255,0.554063836
Monoraphidium,15,4,3,2.500000001,4.112639049,4.599589475,0.608948329
Monoraphidium,15,6,1,2.301029998,3.036080026,6.156646164,0.543402879
Monoraphidium,15,6,2,2.415854997,4.999999969,5.911841021,0.580429747
Monoraphidium,15,6,3,2.539590623,4.012726533,5.774468675,0.565786381
Monoraphidium,15,8,1,2.052221616,0.997564792,5.817131509,0.446189566
Monoraphidium,15,8,2,2.30103,2.717223142,5.592908358,0.407922305
Monoraphidium,15,8,3,2.000000001,1.382107583,5.667844441,0.47821321
Monoraphidium,15,30,1,2.389075628,4.348377086,5.960959489,0.482592275
Monoraphidium,15,30,2,2.150514998,4.385303294,5.765396859,0.724569126
Monoraphidium,15,30,3,2.440446447,2.999999976,5.892143231,0.506158366
Monoraphidium,15,40,1,2.389075624,4.011392245,5.842971047,0.434128213
Monoraphidium,15,40,2,2.150514998,4.228236929,5.68816902,0.627110882
Monoraphidium,15,40,3,2.499999998,4.437421328,5.835084303,0.627311382
Monoraphidium,20,0.01,1,2.347247116,5,2.728575617,0.10091578
Monoraphidium,20,0.01,2,2.216485077,4.999999999,2.616515953,0.245182717
Monoraphidium,20,0.01,3,2.345391873,7,2.675387313,0.148532769
Monoraphidium,20,0.1,1,2.261628611,6.950847278,2.78141621,0.584073195
Monoraphidium,20,0.1,2,2.274843597,4.999999994,2.907688814,0.270706016
Monoraphidium,20,0.1,3,2.640739241,0.002380823,2.879663892,0.022924952
Monoraphidium,20,0.5,1,2.389075625,4.612143664,4.072588405,0.418881828
Monoraphidium,20,0.5,2,2.159947123,0.049026699,3.61896659,0.266553347
Monoraphidium,20,0.5,3,2.361357419,0.188865996,3.725743948,0.214568306
Monoraphidium,20,1,1,2.129691875,12.01521567,4.382017043,0.490501518
Monoraphidium,20,1,3,2.086008571,13.69307076,4.550570969,0.782200577
Monoraphidium,20,2,1,2,2.325009117,6.040539376,1.176134528
Monoraphidium,20,2,2,2.301030003,2.317369353,5.972393428,1.163815548
Monoraphidium,20,2,3,2.301029996,1.733704383,5.960855693,1.053906234
Monoraphidium,20,4,1,2.000000008,1.048444296,5.588636393,0.772294685
Monoraphidium,20,4,2,2,1.271261893,5.541679701,0.937256048
Monoraphidium,20,4,3,2,2.191076114,5.414496136,1.303053666
Monoraphidium,20,6,1,2.000000001,2.733903784,6.151631083,1.349221418
Monoraphidium,20,6,2,2,2.23749041,5.998597245,1.205520542
Monoraphidium,20,6,3,2,1.593626238,6.026706823,1.137687988
Monoraphidium,20,8,1,2,1.845831407,5.848295108,1.007496267
Monoraphidium,20,8,2,2.000000004,2.302704777,5.739182609,1.087868867
Monoraphidium,20,8,3,2.000000004,2.305081642,5.878179501,1.147393539
Monoraphidium,20,30,1,2.000000004,2.181551268,5.980146268,1.213541399
Monoraphidium,20,30,2,2.011458778,0.812663243,6.022903896,0.745893952
Monoraphidium,20,30,3,2.242958333,2.999999975,5.883659045,1.159867497
Monoraphidium,20,40,1,2.000000004,2.641187592,6.056202586,1.213202552
Monoraphidium,20,40,2,2.000000718,0.997586796,6.061344267,0.829965133
Monoraphidium,20,40,3,2.011781804,0.915947985,6.101906854,0.887533474
Monoraphidium,25,0.01,1,2.32740474,10.99165201,2.541704036,0.245695651
Monoraphidium,25,0.01,2,2,4.825426981,2.535564305,0.274653071
Monoraphidium,25,0.01,3,2.107102341,5.085398977,2.56432072,0.268937813
Monoraphidium,25,0.1,1,2.303000022,3,2.802570945,0.37199245
Monoraphidium,25,0.1,2,2,3.398006339,2.694551452,0.443994063
Monoraphidium,25,0.5,1,2.015454395,0.681197318,3.990858494,0.922219857
Monoraphidium,25,0.5,2,2.070600769,0.889418258,4.517396004,0.827897418
Monoraphidium,25,0.5,3,2,1.867324765,4.42323411,0.979666886
Monoraphidium,25,1,1,2.169086781,10.99999991,4.418479208,0.4916808
Monoraphidium,25,2,1,2.301029997,1.294862356,5.927246805,1.182187092
Monoraphidium,25,2,2,2.301029996,2.222597662,5.64635963,1.463946995
Monoraphidium,25,2,3,2,1.458991195,6.010540561,1.34315735
Monoraphidium,25,4,1,2.000000002,1.240251722,5.48116359,1.200125501
Monoraphidium,25,4,2,2.627636253,4.211995966,5.254914317,1.761447158
Monoraphidium,25,4,3,2.477121253,1.844235305,5.456143223,0.872625808
Monoraphidium,25,6,1,2.000000001,1.044472105,6.197111538,1.25210265
Monoraphidium,25,6,2,2,1.454689224,6.161554959,1.142924383
Monoraphidium,25,6,3,2,1.275705237,6.278871454,1.184203806
Monoraphidium,25,8,1,2,1.461083973,5.939794565,1.273693046
Monoraphidium,25,8,2,2.477121261,2.457845286,5.789096106,1.003647252
Monoraphidium,25,8,3,2,2.113482242,5.945336835,1.220866013
Monoraphidium,25,30,1,2.170777685,0.57191251,5.981990734,0.951335898
Monoraphidium,25,30,2,2,1.732716355,5.847940172,1.034450856
Monoraphidium,25,30,3,2,1.326107134,6.115946562,1.124254883
Monoraphidium,25,40,1,2.301029999,2.19152071,6.077596383,1.613143645
Monoraphidium,25,40,2,2.539590623,4.296949543,5.995044094,1.986491853
Monoraphidium,25,40,3,2,2.022740163,6.053144682,1.440316229
Monoraphidium,30,0.01,1,0,0,0,0
Monoraphidium,30,0.01,2,0,0,0,0
Monoraphidium,30,0.01,3,0,0,0,0
Monoraphidium,30,0.1,1,2.000093896,4.300599377,2.315649062,0.269168131
Monoraphidium,30,0.1,2,2,1.871946512,2.332468481,0.244732697
Monoraphidium,30,0.1,3,0,0,0,0
Monoraphidium,30,0.5,1,2.106990279,0.00504604,4.419063094,0.571671557
Monoraphidium,30,0.5,2,2.477121256,1.218199168,4.452794564,0.5153118
Monoraphidium,30,0.5,3,2,1.130259167,4.520722357,1.282474678
Monoraphidium,30,1,1,2.0752575,8.026734773,5.239468482,1.27699091
Monoraphidium,30,1,2,2.276840684,9,5.116275588,0.446946667
Monoraphidium,30,1,3,2.119280313,7.994885579,5.427956064,0.933594268
Monoraphidium,30,2,1,2,1.118715639,6.090168755,1.430959113
Monoraphidium,30,2,2,2,2.070607391,6.06813036,2.093743949
Monoraphidium,30,2,3,2.301029992,1.963118443,6.139129203,1.598327998
Monoraphidium,30,4,1,2.006222208,0.962285557,5.663766603,1.17296009
Monoraphidium,30,4,2,2.602059991,2.367861079,5.732753451,1.262107623
Monoraphidium,30,4,3,2.30103,1.614290047,5.597519332,1.167371369
Monoraphidium,30,6,1,2,1.226570912,6.355201667,1.469056587
Monoraphidium,30,6,2,2.000000005,1.35188574,6.386522382,1.629448595
Monoraphidium,30,6,3,2,1.554002915,6.401458237,1.599648733
Monoraphidium,30,8,1,2.477121255,1.786301688,6.160670637,1.345651111
Monoraphidium,30,8,2,2,1.390076453,6.225862765,1.49124514
Monoraphidium,30,8,3,2.000000005,1.454743031,6.412804293,1.307826205
Monoraphidium,30,30,1,2.301029996,3,6.152137743,2.575198618
Monoraphidium,30,30,2,2.477121258,2.16277042,6.246851344,1.408808983
Monoraphidium,30,30,3,2.000000002,2.044479768,6.154800894,1.731082854
Monoraphidium,30,40,1,2,1.684102036,6.261179553,1.62211119
Monoraphidium,30,40,2,2.000000004,1.99310417,6.118733642,1.618665507
Monoraphidium,30,40,3,2.000000001,2.280250514,6.163038329,1.691475914
Monoraphidium,35,0.01,1,0,0,0,0
Monoraphidium,35,0.01,2,0,0,0,0
Monoraphidium,35,0.01,3,0,0,0,0
Monoraphidium,35,0.1,2,2.418424167,5.010650976,3.041392685,0.051784369
Monoraphidium,35,0.1,3,2.274433912,4.999999997,3.259878162,0.174550092
Monoraphidium,35,0.5,1,2,1.622254508,5.144308587,1.412387238
Monoraphidium,35,0.5,2,2.5,3.74523258,5.124111292,1.819217348
Monoraphidium,35,0.5,3,2.301029996,1.83628617,5.084404263,1.206076429
Monoraphidium,35,1,1,2.100343332,6.42555929,5.003579669,0.828638241
Monoraphidium,35,1,2,2,5.445095127,4.854306042,0.373853488
Monoraphidium,35,1,3,2.100343332,5.342976535,5.128763573,0.433196941
Monoraphidium,35,2,1,2.477121255,2.611522676,6.154023082,2.827995902
Monoraphidium,35,2,2,2.301029996,1.789240529,6.103823936,2.052353675
Monoraphidium,35,2,3,2.602059991,1.967882244,6.068420077,1.69476772
Monoraphidium,35,4,1,2.698970004,2.799284762,5.695049949,2.341643983
Monoraphidium,35,4,2,2.301029996,1.836003699,5.690698363,1.88765598
Monoraphidium,35,4,3,2.301029995,1.392236202,5.615856063,1.16538763
Monoraphidium,35,6,1,2.602059997,1.934309761,6.439917519,1.612666971
Monoraphidium,35,6,2,2.477121255,2.741875294,6.368055766,2.685319014
Monoraphidium,35,6,3,2.477121256,2.217119883,6.392493052,1.741033904
Monoraphidium,35,8,1,2.477121255,2.597624798,6.233712377,2.437598662
Monoraphidium,35,8,2,2,2.781475333,6.311839995,3.171940217
Monoraphidium,35,8,3,2.301029993,1.804092068,6.251876773,1.612189382
Monoraphidium,35,30,1,2,1.352577757,6.180993274,1.208900986
Monoraphidium,35,30,2,2.301029996,2.228553083,6.167938535,2.32259593
Monoraphidium,35,30,3,2.602059991,2.443236626,6.171972183,1.973212216
Monoraphidium,35,40,1,2.301030001,2.096580763,6.102511196,1.541129277
Monoraphidium,35,40,2,2,1.49902628,6.030279742,1.925664468
Monoraphidium,35,40,3,2.301029996,2.08911548,6.157354476,2.3494374
Monoraphidium,40,0.01,1,0,0,0,0
Monoraphidium,40,0.01,2,0,0,0,0
Monoraphidium,40,0.01,3,0,0,0,0
Monoraphidium,40,0.1,1,0,0,0,0
Monoraphidium,40,0.1,2,0,0,0,0
Monoraphidium,40,0.1,3,0,0,0,0
Monoraphidium,40,0.5,1,0,0,0,0
Monoraphidium,40,0.5,2,0,0,0,0
Monoraphidium,40,0.5,3,0,0,0,0
Monoraphidium,40,1,1,2,2.419631312,2.104800806,0.052684138
Monoraphidium,40,1,2,0,0,0,0
Monoraphidium,40,1,3,0,0,0,0
Monoraphidium,40,2,1,0,0,0,0
Monoraphidium,40,2,2,0,0,0,0
Monoraphidium,40,2,3,0,0,0,0
Monoraphidium,40,4,1,0,0,0,0
Monoraphidium,40,4,2,2.02482238,6.426357624,2.051536698,0.023900753
Monoraphidium,40,4,3,2.154536731,0.460708258,2.229036515,0.037790483
Monoraphidium,40,6,1,0,0,0,0
Monoraphidium,40,6,2,0,0,0,0
Monoraphidium,40,6,3,0,0,0,0
Monoraphidium,40,8,1,0,0,0,0
Monoraphidium,40,8,2,0,0,0,0
Monoraphidium,40,8,3,0,0,0,0
Monoraphidium,40,30,1,0,0,0,0
Monoraphidium,40,30,2,0,0,0,0
Monoraphidium,40,30,3,0,0,0,0
Monoraphidium,40,40,1,0,0,0,0
Monoraphidium,40,40,2,0,0,0,0
Monoraphidium,40,40,3,0,0,0,0
Scenedesmus,15,0.01,1,2.477121255,2.551437194,3.811916958,0.222117546
Scenedesmus,15,0.01,2,2.012743634,1.331684572,3.319344339,0.5307678
Scenedesmus,15,0.1,1,2.153632684,4.552659021,3.839040004,0.601921604
Scenedesmus,15,0.1,2,2.165992972,2.999999996,3.721574353,0.415935039
Scenedesmus,15,0.1,3,2.150515005,4.520020024,3.923079108,0.412904929
Scenedesmus,15,0.5,1,2.000000005,1.746742178,4.538988542,0.456032442
Scenedesmus,15,0.5,2,2,3.853936152,4.464262347,0.722509308
Scenedesmus,15,2,1,2,3.943978738,5.051270024,0.971452926
Scenedesmus,15,2,3,2,4.297701634,4.905604166,1.157465698
Scenedesmus,15,4,2,2.100343332,5.025058988,4.69760054,0.839659445
Scenedesmus,15,4,3,2,3.721972872,4.832148116,0.61433581
Scenedesmus,15,6,1,2,2.289094516,5.989699739,0.662867171
Scenedesmus,15,6,2,2.150514994,4.629477724,5.976792103,0.79031471
Scenedesmus,15,6,3,2.100343333,5.612647623,5.414628035,1.280693198
Scenedesmus,15,8,1,2,4.21071648,5.541843223,0.796609853
Scenedesmus,15,8,2,2.124408972,4.999999987,5.303906909,1.419370794
Scenedesmus,15,8,3,2,6.303727279,5.220946975,2.311505052
Scenedesmus,15,10,1,2.159040418,12.70955068,3.579261438,1.125645899
Scenedesmus,15,10,2,2,12.75377417,4.214457902,0.500793478
Scenedesmus,15,10,3,2.043004285,14.37746171,4.28114404,0.607211062
Scenedesmus,15,30,1,2,4.234341457,5.446000074,0.796332984
Scenedesmus,15,30,2,2.159040418,6.123184529,4.96025912,1.625832824
Scenedesmus,15,30,3,2,6.355820913,5.00315116,2.152032547
Scenedesmus,15,40,1,2.239248924,3.953031743,5.310829616,0.640227788
Scenedesmus,15,40,2,2.150514998,4.63762688,5.146315523,0.979923664
Scenedesmus,15,40,3,2.159040418,5.406299052,5.453178145,1.196872932
Scenedesmus,20,0.01,1,2.208226618,15,2.708075121,0.104631247
Scenedesmus,20,0.01,2,2.235428699,14.08757819,2.51416721,0.108554363
Scenedesmus,20,0.01,3,2.226424437,14.0554535,2.517328267,0.112679894
Scenedesmus,20,0.1,1,2.304919701,15,2.723579016,0.080776668
Scenedesmus,20,0.1,2,2.269789969,14.94630146,2.608465889,0.255372337
Scenedesmus,20,0.1,3,2.351151457,0.615342699,2.659353694,0.08463815
Scenedesmus,20,0.5,1,2.000000001,1.737122627,3.569787782,0.575646273
Scenedesmus,20,0.5,2,2.039792513,0.939980864,3.695721507,0.494296721
Scenedesmus,20,2,1,2.164994086,3,4.400087423,1.69891547
Scenedesmus,20,2,2,2.000000008,2.327950534,4.630067551,1.023586135
Scenedesmus,20,2,3,2.301029996,2.979686876,4.554510139,1.092361967
Scenedesmus,20,4,1,2.242609016,2.999999976,4.258463669,0.927505612
Scenedesmus,20,4,2,2.006069839,2.531239279,4.321385955,0.824147406
Scenedesmus,20,6,1,2.000000004,2.086329941,5.450433868,1.067698074
Scenedesmus,20,6,2,2,3,4.822054825,2.171902711
Scenedesmus,20,6,3,2,2.813310314,4.8726541,1.410476768
Scenedesmus,20,8,1,2.00000001,1.510058672,5.285480985,0.92494022
Scenedesmus,20,8,2,2,1.920424574,5.224556837,0.919953827
Scenedesmus,20,8,3,2,2.619385009,5.172433533,1.067952486
Scenedesmus,20,10,1,2.000000002,6.670449322,4.673751173,0.728654848
Scenedesmus,20,10,2,2.276042248,10.67753957,4.447740544,1.435839812
Scenedesmus,20,10,3,2.002438988,8.401470871,4.625190511,0.915220409
Scenedesmus,20,30,1,2,2.811256044,5.169747785,1.254319958
Scenedesmus,20,30,2,2,2.666127232,4.967745477,1.237189973
Scenedesmus,20,30,3,2,2.662898445,5.132047189,1.126300367
Scenedesmus,20,40,1,2.000000004,2.61299594,5.207970919,1.273437556
Scenedesmus,20,40,2,2.000000004,2.622949601,5.128477725,1.333179701
Scenedesmus,20,40,3,2.000000005,1.876104978,5.437210165,1.044805896
Scenedesmus,25,0.01,1,2.169680432,12.94111054,2.6090201,0.491341092
Scenedesmus,25,0.01,2,2.066169972,12.75641892,2.403161087,0.345853674
Scenedesmus,25,0.01,3,2.086042914,14.35798841,2.529504769,0.06973828
Scenedesmus,25,0.1,1,2.464840241,8.199412719,2.688548154,0.052558738
Scenedesmus,25,0.1,2,2,4.059155282,2.447490876,0.350370699
Scenedesmus,25,0.1,3,2.282363153,12.99999997,2.551166507,0.289241249
Scenedesmus,25,0.5,1,2,1.034777285,3.49245628,0.866661932
Scenedesmus,25,0.5,2,2.000113467,1.877510731,3.503730794,1.108797035
Scenedesmus,25,0.5,3,2,1.649956888,3.46885025,1.009584828
Scenedesmus,25,2,1,2.000001061,1.773026605,4.088381968,1.490150102
Scenedesmus,25,2,2,2,1.854249044,4.013329028,1.404701348
Scenedesmus,25,2,3,2,2.317393806,4.047103654,1.609437912
Scenedesmus,25,4,1,2.23239775,11.52026804,3.808564001,0.560093679
Scenedesmus,25,4,2,2,12.99999999,4.191179245,1.198947635
Scenedesmus,25,6,1,2,1.481407524,5.34562044,1.166644705
Scenedesmus,25,6,2,2.298508091,0.987168702,5.138584149,0.891654101
Scenedesmus,25,6,3,2.000395078,0.879922704,4.992915235,0.732365742
Scenedesmus,25,8,1,2,2.059083362,5.125507,1.710500003
Scenedesmus,25,8,2,2.000000003,1.441180159,5.166687395,1.047413689
Scenedesmus,25,8,3,2.000000001,1.031247279,5.151833565,0.831428383
Scenedesmus,25,10,1,2,7.747984824,4.453899942,1.43110044
Scenedesmus,25,10,2,2,7.665642997,4.368635971,1.342788673
Scenedesmus,25,10,3,2.061743533,9,4.410988254,2.267588507
Scenedesmus,25,30,1,2.02729705,0.586472811,5.212702869,0.820257451
Scenedesmus,25,30,2,2.000868866,0.908739799,5.0062549,0.930504215
Scenedesmus,25,30,3,2.075895629,0.522741563,5.216099166,0.786340028
Scenedesmus,25,40,1,2.250184049,3,5.258231991,1.558508469
Scenedesmus,25,40,2,2,2.230720758,4.954277086,1.802069112
Scenedesmus,25,40,3,2.058584149,0.93905639,5.089503035,1.043584422
Scenedesmus,30,0.01,1,2.058253305,12.88625867,2.201694339,0.1562562
Scenedesmus,30,0.01,2,0,0,0,0
Scenedesmus,30,0.01,3,0,0,0,0
Scenedesmus,30,0.1,1,2.109273072,12.99999996,2.258055673,0.164523183
Scenedesmus,30,0.1,2,2.22223186,12.9881939,2.365196092,0.163627757
Scenedesmus,30,0.1,3,2.262128581,12.19623385,2.345199162,0.032957407
Scenedesmus,30,0.5,1,2.747369298,11.96043931,3.263324533,0.390856099
Scenedesmus,30,0.5,2,2.855460092,13,3.361705619,0.063444101
Scenedesmus,30,0.5,3,2.697735931,13,3.796640634,0.164068986
Scenedesmus,30,2,2,2,1.109346805,4.246322298,1.268289329
Scenedesmus,30,4,1,2,9.794713248,4.990338855,0.50539664
Scenedesmus,30,4,2,2.000000001,10.88247179,4.685045494,0.599212468
Scenedesmus,30,4,3,2,11.32176223,4.883661435,0.559996254
Scenedesmus,30,6,1,2,1.179290064,5.243609713,1.556103632
Scenedesmus,30,6,2,2,1.108398096,4.98859475,1.39514415
Scenedesmus,30,6,3,2,0.483244325,5.129707499,0.885268486
Scenedesmus,30,8,1,2,2.368179984,5.338049175,2.194128592
Scenedesmus,30,8,2,2,1.476123458,5.467370141,1.630648271
Scenedesmus,30,8,3,2.000000001,1.636838462,5.430990421,1.361863878
Scenedesmus,30,10,1,2.135992881,4.999999954,4.753982119,0.683176469
Scenedesmus,30,10,2,2.000000001,4.980953821,4.722169727,0.71967293
Scenedesmus,30,10,3,2.119280314,8.313521672,4.520191525,1.619339227
Scenedesmus,30,30,1,2.000299379,0.684761325,5.113827178,1.002802635
Scenedesmus,30,30,2,2.001403957,0.961577777,4.882161771,0.991338233
Scenedesmus,30,30,3,2,1.101507452,5.108340076,1.032588751
Scenedesmus,30,40,1,2.01931139,0.808512844,5.099864262,0.862030294
Scenedesmus,30,40,2,2,1.679966022,4.868501002,1.049926269
Scenedesmus,30,40,3,2.370686187,0.673318573,5.119474995,0.64292364
Scenedesmus,35,0.01,1,2.000000002,8.136609914,2.605913958,0.13434467
Scenedesmus,35,0.01,2,2,8.666666662,2.63705607,0.207944153
Scenedesmus,35,0.01,3,2.129012855,13.28571428,2.642888749,0.23104906
Scenedesmus,35,0.1,1,2.010746466,0.592716611,3.047874366,0.134283124
Scenedesmus,35,0.1,2,2.275300603,13,2.787714626,0.297973133
Scenedesmus,35,0.5,2,2.173798734,0.37428585,3.572755964,0.153820008
Scenedesmus,35,0.5,3,2.309792466,0.082762457,3.823195468,0.13755723
Scenedesmus,35,2,1,3,2.737037697,4.129350342,1.149124439
Scenedesmus,35,2,2,2.002965087,0.994651725,4.081331655,1.194806431
Scenedesmus,35,2,3,2.000009914,1.135884939,4.177708932,1.297667699
Scenedesmus,35,4,3,2.000000001,9.709427147,4.109897013,0.438117663
Scenedesmus,35,6,1,2.007591149,0.71776597,5.022210815,0.838109408
Scenedesmus,35,6,2,3,2.778764331,4.977407276,1.037102946
Scenedesmus,35,6,3,2,1.153931619,4.950427121,1.466928435
Scenedesmus,35,8,1,2.000000005,1.964106939,5.136753325,1.103199582
Scenedesmus,35,8,2,2,1.941895948,5.371572847,1.839053679
Scenedesmus,35,8,3,2,1.834030271,5.351744889,1.884461081
Scenedesmus,35,10,1,2.131373831,4.999999983,4.056090285,0.835725697
Scenedesmus,35,10,2,2,4.069369226,4.24392901,0.854431671
Scenedesmus,35,10,3,2,1.915165794,5.301817457,1.79373967
Scenedesmus,35,30,1,2.000000004,2.617983158,4.765543192,1.447490053
Scenedesmus,35,30,2,2,2.999999998,4.662156534,2.990707102
Scenedesmus,35,30,3,2,2.700258917,4.69012123,2.312486407
Scenedesmus,35,40,1,2,2.869242803,4.919847582,1.421743836
Scenedesmus,35,40,2,3,2.999999993,4.666797945,1.06822107
Scenedesmus,35,40,3,2,2.413381204,4.610136465,1.872787399
Scenedesmus,40,0.01,1,0,0,0,0
Scenedesmus,40,0.01,2,0,0,0,0
Scenedesmus,40,0.01,3,0,0,0,0
Scenedesmus,40,0.1,1,0,0,0,0
Scenedesmus,40,0.1,2,0,0,0,0
Scenedesmus,40,0.1,3,0,0,0,0
Scenedesmus,40,0.5,1,0,0,0,0
Scenedesmus,40,0.5,2,0,0,0,0
Scenedesmus,40,0.5,3,0,0,0,0
Scenedesmus,40,2,1,0,0,0,0
Scenedesmus,40,2,2,0,0,0,0
Scenedesmus,40,2,3,0,0,0,0
Scenedesmus,40,4,1,0,0,0,0
Scenedesmus,40,4,2,0,0,0,0
Scenedesmus,40,4,3,0,0,0,0
Scenedesmus,40,6,1,0,0,0,0
Scenedesmus,40,6,2,0,0,0,0
Scenedesmus,40,6,3,0,0,0,0
Scenedesmus,40,8,1,0,0,0,0
Scenedesmus,40,8,2,0,0,0,0
Scenedesmus,40,8,3,0,0,0,0
Scenedesmus,40,10,1,0,0,0,0
Scenedesmus,40,10,2,0,0,0,0
Scenedesmus,40,10,3,0,0,0,0
Scenedesmus,40,30,1,0,0,0,0
Scenedesmus,40,30,2,0,0,0,0
Scenedesmus,40,30,3,0,0,0,0
Scenedesmus,40,40,1,0,0,0,0
Scenedesmus,40,40,2,0,0,0,0
Scenedesmus,40,40,3,0,0,0,0
Raphidocelis,15,0.01,2,2.17844801,4.632103666,2.338351286,0.155492831
Raphidocelis,15,0.01,3,0,0,0,0
Raphidocelis,15,0.1,1,2.093170795,4.797725526,2.305291703,0.221782729
Raphidocelis,15,0.1,2,2,2.999999968,2.379980253,0.34657359
Raphidocelis,15,0.1,3,2,4.023664318,2.304227273,0.235359603
Raphidocelis,15,0.5,3,2,4.581378808,2.972366058,0.348821893
Raphidocelis,15,2,1,2,1.433592911,4.774879084,0.527143389
Raphidocelis,15,2,2,2.000000004,2.531078293,4.817391617,0.53268132
Raphidocelis,15,8,1,2.105165572,0.701475418,6.027680454,0.463661051
Raphidocelis,15,8,2,2.250557834,2.999999971,5.479813927,0.583927121
Raphidocelis,15,8,3,2.000356835,0.907266507,5.548151286,0.446755678
Raphidocelis,15,10,1,2.389075631,4.500983665,4.694473412,0.472900129
Raphidocelis,15,10,2,2.000000002,3.231941966,4.177044404,0.452136308
Raphidocelis,15,10,3,2.269795312,8.019982312,4.263967273,0.573317086
Raphidocelis,15,30,1,2.238560633,4.416198329,5.317783109,0.603906231
Raphidocelis,15,30,2,2.359727084,5.728853844,5.226667728,0.823104697
Raphidocelis,15,30,3,2.38907563,3.468603922,5.503391038,0.558308668
Raphidocelis,15,40,1,2.301030006,2.195054545,5.727876002,0.460869766
Raphidocelis,15,40,2,2.000000003,2.358595479,5.623233715,0.741205895
Raphidocelis,15,40,3,2.000000008,2.04545005,5.679711582,0.687212393
Raphidocelis,20,0.01,1,2,1.199802968,2.215748846,0.130724821
Raphidocelis,20,0.01,2,0,0,0,0
Raphidocelis,20,0.01,3,0,0,0,0
Raphidocelis,20,0.1,1,2.119554726,4.820461715,2.178225504,0.061983063
Raphidocelis,20,0.1,2,0,0,0,0
Raphidocelis,20,0.1,3,0,0,0,0
Raphidocelis,20,0.5,1,2.226088578,4.999999945,3.205834429,0.155628714
Raphidocelis,20,0.5,2,2.273123719,6.99999998,2.964583306,0.73126819
Raphidocelis,20,0.5,3,2.301029997,1.293592757,3.334072044,0.138174128
Raphidocelis,20,2,1,0,0,0,0
Raphidocelis,20,2,2,2.076407586,14.47472967,2.382329618,0.199817739
Raphidocelis,20,2,3,2.077750732,12.99911954,2.459207141,0.125460772
Raphidocelis,20,8,1,2.000000002,1.802225006,6.110821341,0.911455184
Raphidocelis,20,8,2,2,2.548031601,5.916529278,1.251941816
Raphidocelis,20,8,3,2.277160993,2.999999972,5.938937828,1.226119599
Raphidocelis,20,10,1,2.247862031,2.999999975,5.160047622,0.727822249
Raphidocelis,20,10,2,2.305916132,3,4.870063196,0.827249172
Raphidocelis,20,10,3,2.000000014,2.375937477,5.21276711,0.628786553
Raphidocelis,20,30,1,2.47712125,2.862884036,5.673005442,0.812472175
Raphidocelis,20,30,3,2.301029997,4.043862638,5.567436255,1.365073624
Raphidocelis,20,40,1,2.301029999,2.5426985,5.86134345,1.094636044
Raphidocelis,20,40,2,2.150514998,3.529157563,5.760219303,1.925073801
Raphidocelis,20,40,3,2.211237193,2.999999997,5.66610523,1.236630378
Raphidocelis,25,0.01,1,0,0,0,0
Raphidocelis,25,0.01,2,0,0,0,0
Raphidocelis,25,0.01,3,0,0,0,0
Raphidocelis,25,0.1,1,0,0,0,0
Raphidocelis,25,0.1,2,0,0,0,0
Raphidocelis,25,0.1,3,0,0,0,0
Raphidocelis,25,0.5,1,2.150514998,4.160558421,3.596329182,0.895879734
Raphidocelis,25,0.5,2,2.173758544,2.999999996,3.961470869,0.793308775
Raphidocelis,25,0.5,3,2.349504481,3.478368175,3.604260874,0.523248109
Raphidocelis,25,2,1,2.000214656,14.6296923,2.21511549,0.146819668
Raphidocelis,25,2,2,0,0,0,0
Raphidocelis,25,2,3,2.036589453,15,2.165035677,0.059151671
Raphidocelis,25,8,1,2,2.919491995,5.894732974,1.745251435
Raphidocelis,25,8,2,2.000000007,1.799879507,5.950495333,1.13967439
Raphidocelis,25,8,3,2.000000003,1.633026905,5.739620702,0.943026671
Raphidocelis,25,10,1,2,1.686804701,4.920883743,0.99099569
Raphidocelis,25,10,2,2.000000004,2.289626203,5.312863542,1.025028795
Raphidocelis,25,10,3,2.389075625,4.242881671,5.270366156,1.208076441
Raphidocelis,25,30,1,2,2.487067436,5.785816637,1.479723463
Raphidocelis,25,30,2,2,2.844622663,5.673603175,1.624946757
Raphidocelis,25,30,3,2,4.738351959,5.746249591,2.649158683
Raphidocelis,25,40,1,2,2.161702002,5.991136168,1.545392062
Raphidocelis,25,40,2,2.000000001,1.688344986,5.976339253,1.154764167
Raphidocelis,25,40,3,2.5,4.584815355,6.004456323,2.519197281
Raphidocelis,30,0.01,1,0,0,0,0
Raphidocelis,30,0.01,2,0,0,0,0
Raphidocelis,30,0.01,3,0,0,0,0
Raphidocelis,30,0.1,1,0,0,0,0
Raphidocelis,30,0.1,2,0,0,0,0
Raphidocelis,30,0.1,3,0,0,0,0
Raphidocelis,30,0.5,1,2,1.489071132,3.36173825,0.486477532
Raphidocelis,30,0.5,2,2.301029996,1.520536239,3.775920207,0.617024883
Raphidocelis,30,0.5,3,2,2.311979603,3.648626251,1.00745151
Raphidocelis,30,2,1,2.247239321,15,3.72427587,0.340303843
Raphidocelis,30,2,2,2.115678875,10.4448667,3.198126632,0.975459161
Raphidocelis,30,2,3,2.000000006,1.783779317,5.554162998,0.765814167
Raphidocelis,30,8,1,2.000000008,1.626452145,6.122659939,0.914758593
Raphidocelis,30,8,2,2,3.180427155,5.908099347,1.769028282
Raphidocelis,30,8,3,2.266957311,2.999999977,5.997103795,1.019041749
Raphidocelis,30,10,1,2.000000003,1.565828287,5.924371301,0.742174614
Raphidocelis,30,10,2,2.000000004,2.347545641,5.796203296,0.902610051
Raphidocelis,30,10,3,2.000000006,2.202716923,5.813712686,0.750921799
Raphidocelis,30,30,1,2.301029994,2.17595775,6.048331982,0.869902652
Raphidocelis,30,30,2,2.000000007,2.224396954,5.79460452,1.131161425
Raphidocelis,30,30,3,2,2.757302477,5.90884163,1.203214154
Raphidocelis,30,40,1,2.30103,1.628060465,6.155625324,1.081415432
Raphidocelis,30,40,2,2.000000007,2.090578888,6.079615841,1.245117589
Raphidocelis,30,40,3,2.000000002,1.273821561,6.130882449,1.096484407
Raphidocelis,35,0.01,1,0,0,0,0
Raphidocelis,35,0.01,3,0,0,0,0
Raphidocelis,35,0.1,1,2.018434073,15,2.789590623,0.226952985
Raphidocelis,35,0.1,2,2.078669858,12.35668515,2.570609791,0.148199254
Raphidocelis,35,0.1,3,0,0,0,0
Raphidocelis,35,0.5,1,2,5,4.378419112,2.331719547
Raphidocelis,35,0.5,2,2.477121255,5,4.37038894,1.242453325
Raphidocelis,35,0.5,3,2.142113618,3.758288548,4.530469743,1.696447468
Raphidocelis,35,2,1,2.000000001,3.561493307,5.336510642,1.111152531
Raphidocelis,35,2,2,2,3.316400283,5.150338657,0.9440787
Raphidocelis,35,2,3,2,6.622397487,5.234796514,1.049908425
Raphidocelis,35,8,1,2,2.373099664,5.741872911,0.894715208
Raphidocelis,35,8,2,2.20828291,2.999999994,5.492399665,1.007088062
Raphidocelis,35,8,3,2,2.331014467,5.570015681,1.113083879
Raphidocelis,35,10,1,2,2.602607683,5.479786452,0.79169637
Raphidocelis,35,10,2,2.30103,1.436850308,5.837792857,0.534071104
Raphidocelis,35,10,3,2,1.852297221,5.758124,0.723366415
Raphidocelis,35,30,1,2.253691878,2.999999968,5.559500598,0.884048204
Raphidocelis,35,30,2,2.034088452,0.957288586,6.087917682,0.456161396
Raphidocelis,35,30,3,2.000000001,1.941890178,5.531628389,0.703066754
Raphidocelis,35,40,1,3,8.999999998,5.817494078,3.127582819
Raphidocelis,35,40,2,2.212916704,0.57576617,6.041436143,0.689871576
Raphidocelis,35,40,3,2.000000006,1.587980675,5.6475518,0.778392666
Raphidocelis,40,0.01,1,0,0,0,0
Raphidocelis,40,0.01,2,0,0,0,0
Raphidocelis,40,0.01,3,0,0,0,0
Raphidocelis,40,0.1,1,0,0,0,0
Raphidocelis,40,0.1,2,0,0,0,0
Raphidocelis,40,0.1,3,0,0,0,0
Raphidocelis,40,0.5,1,0,0,0,0
Raphidocelis,40,0.5,2,0,0,0,0
Raphidocelis,40,0.5,3,0,0,0,0
Raphidocelis,40,2,1,0,0,0,0
Raphidocelis,40,2,2,0,0,0,0
Raphidocelis,40,2,3,0,0,0,0
Raphidocelis,40,8,1,0,0,0,0
Raphidocelis,40,8,2,0,0,0,0
Raphidocelis,40,8,3,0,0,0,0
Raphidocelis,40,10,1,0,0,0,0
Raphidocelis,40,10,2,0,0,0,0
Raphidocelis,40,10,3,0,0,0,0
Raphidocelis,40,30,1,0,0,0,0
Raphidocelis,40,30,2,0,0,0,0
Raphidocelis,40,30,3,0,0,0,0
Raphidocelis,40,40,1,0,0,0,0
Raphidocelis,40,40,2,0,0,0,0
Raphidocelis,40,40,3,0,0,0,0
